379,110828,671,111068,-163
1260,111151,1601,111375,-144
1095,98048,1227,98184,-62
1094,68248,1231,68372,-58
1088,198101,1248,198202,-56
1112,22445,1255,22625,-56
1070,156563,1267,156677,-54
1100,57535,1253,57679,-51
1112,74878,1238,75016,-51
1104,194867,1247,194981,-50
1113,163823,1227,163901,-50
1113,98585,1227,98718,-50
0,227,88,353,-49
1113,157633,1235,157861,-48
1113,147526,1239,147673,-48
1112,164591,1263,164748,-47
1113,140961,1235,141055,-47
1112,157066,1247,157191,-46
1094,185058,1238,185120,-45
1095,207751,1227,207801,-45
1095,20688,1235,20811,-45
1113,21058,1227,21185,-44
1112,157339,1251,157396,-44
1113,197245,1248,197326,-44
1113,156822,1248,156944,-43
1113,108077,1235,108171,-42
1113,193242,1227,193355,-42
1112,13551,1191,13726,-42
1112,59760,1231,59824,-41
1113,171190,1235,171252,-40
1113,64491,1227,64554,-40
1112,209146,1226,209211,-39
1113,97261,1227,97312,-38
1113,229503,1227,229544,-37
1119,24818,1227,24898,-36
9253,148159,9327,148206,-36
1113,143467,1227,143518,-35
1113,235957,1248,236021,-34
1779,111605,1815,111639,-34
10184,110904,10218,110938,-30
5174,79215,5203,79248,-29
9250,188195,9280,188322,-29
9246,194863,9280,195007,-29
9601,103915,9631,103946,-29
672,22486,706,22565,-28
1094,195438,1171,195472,-28
1112,184065,1191,184095,-28
1209,36504,1236,36623,-28
1757,112700,1783,112726,-28
9998,68248,10030,68372,-28
10003,74926,10035,75016,-28
10004,57594,10036,57679,-28
10005,59766,10037,59836,-28
680,161868,713,161900,-27
677,157119,706,157168,-27
672,157656,706,157822,-27
7364,50087,7390,50113,-27
8262,208223,8290,208248,-27
9251,229492,9281,229557,-27
0,179521,25,179575,-26
463,115227,490,115254,-26
459,29981,489,30109,-26
1101,96016,1172,96048,-26
9241,195308,9281,195339,-26
9244,157688,9274,157854,-26
10386,157369,10411,157396,-26
10687,111615,10710,111638,-26
39,110909,61,110931,-25
1095,25200,1128,25231,-25
1593,47529,1617,47553,-25
4978,245381,5006,245407,-25
7614,197279,7641,197337,-25
9244,193222,9274,193361,-25
9993,154465,10024,154497,-25
10009,146923,10036,146948,-25
10010,62102,10037,62127,-25
10010,158473,10037,158498,-25
10010,194941,10037,194992,-25
10384,157681,10417,157755,-25
11485,208199,11515,208231,-25
680,98585,705,98708,-24
671,74856,695,75006,-24
680,107735,705,107821,-24
680,143467,705,143491,-24
668,194918,705,194991,-24
668,196979,699,197008,-24
680,197245,705,197269,-24
680,216374,705,216398,-24
679,20709,704,20743,-24
680,163824,705,163892,-24
680,13551,705,13575,-24
680,38297,705,38321,-24
680,97110,705,97134,-24
681,97261,706,97302,-24
681,108077,706,108122,-24
681,156880,706,156921,-24
681,179834,706,179858,-24
680,193904,705,193928,-24
680,196554,705,196578,-24
680,219753,705,219777,-24
1211,150235,1234,150264,-24
1112,87482,1206,87505,-24
1119,147380,1227,147405,-24
1119,147850,1227,147875,-24
1119,153917,1227,153942,-24
1119,216364,1227,216389,-24
1214,146923,1241,146948,-24
1214,158473,1241,158498,-24
1590,141605,1617,141634,-24
4448,244228,4478,244258,-24
7365,49857,7391,49883,-24
7618,36529,7641,36652,-24
8256,8996,8283,9024,-24
9308,120858,9340,120885,-24
10004,22437,10030,22552,-24
10003,36560,10029,36703,-24
10393,64491,10422,64554,-24
10393,97261,10422,97312,-24
10394,197245,10423,197323,-24
10394,219753,10423,219788,-24
0,2624,29,2744,-23
0,59265,29,59325,-23
0,66370,29,66432,-23
0,131944,29,131993,-23
0,141437,29,141488,-23
0,164150,29,164192,-23
0,229783,29,229833,-23
0,245017,29,245082,-23
0,247575,29,247640,-23
0,255545,29,255613,-23
675,199281,698,199313,-23
681,97888,706,97970,-23
681,59805,706,59837,-23
1095,219648,1143,219721,-23
1113,176325,1202,176348,-23
1113,30539,1140,30566,-23
1113,97111,1217,97135,-23
1112,161868,1216,161892,-23
1113,179834,1217,179858,-23
1209,196334,1236,196361,-23
1554,178090,1582,178113,-23
3985,78610,4013,78636,-23
5165,121740,5194,121766,-23
7610,194974,7637,195051,-23
8268,137629,8290,137654,-23
9251,74875,9274,74898,-23
9251,143464,9281,143530,-23
9254,64491,9281,64538,-23
9244,98676,9274,98726,-23
9250,108067,9273,108132,-23
9254,48159,9281,48186,-23
9313,112671,9337,112695,-23
9998,207750,10024,207800,-23
10005,147516,10037,147639,-23
10005,140967,10037,141042,-23
10392,20709,10416,20764,-23
10392,98585,10421,98698,-23
10392,143467,10421,143518,-23
10383,147561,10411,147652,-23
10393,156880,10422,156931,-23
10393,157126,10422,157177,-23
10393,171191,10422,171240,-23
10392,193243,10416,193298,-23
10383,196982,10411,197008,-23
10394,108077,10423,108164,-23
10393,163824,10422,163902,-23
407,111118,432,111140,-22
1113,208393,1180,208417,-22
1141,26790,1232,26823,-22
1166,161225,1227,161252,-22
1113,85394,1197,85419,-22
1113,105136,1227,105159,-22
1092,199282,1150,199313,-22
1112,196989,1201,197013,-22
1333,137128,1357,137155,-22
1443,135564,1466,135585,-22
1629,136548,1651,136574,-22
2854,93351,2886,93485,-22
3046,160505,3068,160533,-22
3046,160864,3068,160892,-22
3499,230360,3527,230421,-22
5164,226307,5193,226336,-22
6314,137862,6337,137914,-22
7619,22423,7646,22468,-22
8458,122771,8480,122796,-22
9241,57591,9269,57663,-22
9251,20613,9274,20681,-22
9251,171154,9274,171210,-22
9245,163807,9274,163882,-22
9999,20692,10025,20788,-22
10010,150234,10031,150255,-22
10005,171197,10036,171250,-22
10386,60828,10407,60851,-22
10387,188217,10408,188297,-22
10394,119788,10418,119816,-22
174,225583,199,225610,-21
455,217929,482,217952,-21
667,68286,695,68358,-21
671,165217,695,165243,-21
670,36478,694,36527,-21
673,122558,703,122598,-21
1104,23439,1127,23463,-21
1101,196777,1172,196807,-21
1113,188283,1143,188315,-21
1211,5966,1231,5986,-21
1129,69575,1235,69602,-21
1187,151061,1226,151083,-21
1113,158293,1133,158317,-21
1200,40835,1229,40855,-21
1200,154478,1229,154498,-21
1214,62102,1234,62122,-21
1213,146057,1233,146077,-21
1213,57074,1233,57094,-21
2131,250995,2151,251021,-21
2389,20194,2414,20214,-21
2854,207972,2881,207996,-21
3493,215641,3518,215676,-21
3498,246479,3518,246499,-21
4458,239272,4477,239291,-21
4646,42385,4669,42407,-21
7371,124977,7391,124997,-21
7371,10418,7391,10439,-21
7622,68257,7642,68301,-21
7621,88092,7641,88114,-21
7885,72401,7911,72423,-21
7885,72778,7911,72800,-21
7885,72924,7911,72946,-21
8202,16936,8221,16959,-21
8455,113793,8481,113822,-21
9243,201854,9268,201886,-21
9241,36529,9269,36620,-21
9254,246564,9281,246591,-21
9253,147526,9273,147578,-21
9253,158292,9273,158316,-21
9253,187522,9280,187545,-21
10004,40834,10024,40854,-21
10008,146057,10029,146077,-21
10010,57073,10031,57093,-21
10010,5966,10031,5986,-21
10005,107796,10025,107832,-21
10010,158879,10037,158904,-21
10084,131317,10104,131337,-21
0,33,19,52,-20
0,2184,19,2203,-20
0,3486,19,3505,-20
0,4086,19,4105,-20
0,4304,19,4323,-20
0,6114,19,6133,-20
0,6487,19,6506,-20
0,7521,19,7540,-20
0,8288,19,8307,-20
0,8756,19,8775,-20
0,12309,19,12328,-20
0,12477,19,12496,-20
0,15599,19,15618,-20
0,17050,19,17069,-20
0,17788,19,17807,-20
0,18278,19,18297,-20
0,25611,19,25630,-20
0,26939,19,26958,-20
0,31104,19,31123,-20
0,37953,19,37972,-20
0,38112,19,38131,-20
0,46217,19,46236,-20
0,62567,19,62586,-20
0,71854,19,71873,-20
0,73728,19,73747,-20
0,85995,19,86014,-20
0,86131,19,86150,-20
0,87004,19,87023,-20
0,88248,19,88267,-20
0,89649,19,89668,-20
0,91343,19,91362,-20
0,92882,19,92901,-20
0,96105,19,96124,-20
0,99153,19,99172,-20
0,104974,19,104993,-20
0,105797,19,105816,-20
0,107133,19,107152,-20
0,107263,19,107282,-20
0,110557,19,110576,-20
0,113479,19,113498,-20
0,114806,19,114825,-20
0,114952,19,114971,-20
0,118055,19,118074,-20
0,118187,19,118206,-20
0,122210,19,122229,-20
0,130907,19,130926,-20
0,131042,19,131061,-20
0,131562,19,131581,-20
0,136645,19,136664,-20
0,140636,19,140655,-20
0,143115,19,143134,-20
0,143249,19,143268,-20
0,146580,19,146599,-20
0,146707,19,146726,-20
0,149753,19,149772,-20
0,149881,19,149900,-20
0,154984,19,155003,-20
0,155119,19,155138,-20
0,158290,19,158309,-20
0,159070,19,159089,-20
0,161825,19,161844,-20
0,165857,19,165876,-20
0,169648,19,169667,-20
0,173398,19,173417,-20
0,174203,19,174222,-20
0,185279,19,185298,-20
0,189694,19,189713,-20
0,193711,19,193730,-20
0,197375,19,197394,-20
0,197550,19,197569,-20
0,201407,19,201426,-20
0,205199,19,205218,-20
0,208930,19,208949,-20
0,212611,19,212630,-20
0,218927,19,218946,-20
0,222988,19,223007,-20
0,224788,19,224807,-20
0,224954,19,224973,-20
0,226531,19,226550,-20
0,226843,19,226862,-20
0,227405,19,227424,-20
0,232502,19,232521,-20
0,235048,19,235067,-20
0,237492,19,237511,-20
0,237621,19,237640,-20
0,240198,19,240217,-20
0,242567,19,242586,-20
0,250320,19,250339,-20
0,250452,19,250471,-20
0,252842,19,252861,-20
0,252973,19,252992,-20
0,257274,19,257293,-20
0,257954,19,257973,-20
0,258149,19,258168,-20
0,259224,19,259243,-20
0,259747,19,259766,-20
6,261268,25,261309,-20
169,83514,192,83536,-20
169,133373,192,133395,-20
169,137584,192,137606,-20
464,87226,483,87245,-20
667,70375,695,70402,-20
680,207761,705,207791,-20
667,209183,695,209212,-20
667,233205,695,233231,-20
680,193055,699,193074,-20
680,45082,699,45101,-20
680,95601,699,95621,-20
680,147861,699,147880,-20
680,157378,699,157397,-20
680,193341,699,193361,-20
680,25967,705,25992,-20
680,164609,699,164628,-20
680,238959,699,238978,-20
681,21172,700,21192,-20
680,22921,699,22940,-20
681,23595,700,23614,-20
681,25216,700,25235,-20
681,40840,700,40859,-20
681,60836,706,60857,-20
681,64491,700,64511,-20
681,85394,700,85413,-20
681,108488,700,108507,-20
681,108822,700,108841,-20
681,109148,700,109167,-20
681,109490,700,109509,-20
681,119788,700,119807,-20
681,147637,700,147656,-20
681,148159,700,148178,-20
681,171190,700,171210,-20
681,176324,700,176343,-20
681,178943,706,178973,-20
681,209716,700,209735,-20
680,209906,699,209925,-20
681,26537,706,26573,-20
680,24881,705,24912,-20
681,95344,706,95387,-20
680,162828,705,162849,-20
1094,64324,1122,64350,-20
1113,160506,1172,160525,-20
1113,160865,1172,160884,-20
1113,159159,1172,159179,-20
1208,238954,1227,238973,-20
1210,168063,1229,168084,-20
1210,239912,1229,239931,-20
1210,248362,1229,248381,-20
1210,248609,1229,248628,-20
1210,110800,1229,110826,-20
1210,151366,1229,151392,-20
1341,245865,1361,245891,-20
1597,173180,1617,173200,-20
1633,206935,1652,206954,-20
1966,136170,1986,136190,-20
3406,145959,3431,145984,-20
3499,65845,3519,65870,-20
3499,140780,3519,140826,-20
3499,227797,3519,227816,-20
3499,241710,3519,241729,-20
3499,243692,3519,243711,-20
3499,132283,3519,132303,-20
3498,223246,3518,223265,-20
4246,224663,4268,224686,-20
4640,43736,4658,43757,-20
4640,261073,4658,261094,-20
4708,262310,4731,262336,-20
4936,112207,4955,112226,-20
5175,94798,5194,94817,-20
5175,115359,5194,115378,-20
5175,124675,5194,124694,-20
5276,124253,5299,124279,-20
5420,228335,5440,228386,-20
7126,77307,7148,77328,-20
7610,164579,7637,164608,-20
7622,57554,7642,57598,-20
7894,31394,7917,31419,-20
8267,82021,8289,82040,-20
9244,164634,9269,164733,-20
9244,11100,9269,11123,-20
9243,11808,9268,11831,-20
9254,97888,9274,97952,-20
9243,156568,9268,156591,-20
9243,219450,9268,219473,-20
9254,151066,9274,151089,-20
9253,119788,9280,119816,-20
9253,70387,9278,70410,-20
9294,211233,9312,211251,-20
9308,183147,9328,183167,-20
9609,125378,9635,125402,-20
9789,125007,9809,125031,-20
9998,98679,10024,98718,-20
9998,209186,10024,209211,-20
9998,96010,10024,96035,-20
9998,185058,10024,185083,-20
9998,219136,10024,219161,-20
10005,184060,10025,184080,-20
10393,193055,10412,193074,-20
10393,238957,10412,238976,-20
10392,38298,10411,38317,-20
10393,40840,10412,40859,-20
10392,45080,10411,45099,-20
10392,95600,10411,95620,-20
10392,97111,10411,97130,-20
10392,147860,10411,147879,-20
10392,148159,10411,148178,-20
10392,161868,10411,161887,-20
10392,179834,10411,179853,-20
10392,216374,10411,216393,-20
10394,22921,10413,22940,-20
10394,21172,10413,21192,-20
10394,196553,10413,196572,-20
10393,191919,10412,191947,-20
10394,23596,10413,23615,-20
10394,108488,10413,108507,-20
10394,108823,10413,108842,-20
10394,109149,10413,109168,-20
10394,109491,10413,109510,-20
10394,13551,10413,13570,-20
10394,22532,10413,22556,-20
10394,25216,10413,25235,-20
10394,70387,10418,70410,-20
10394,85394,10413,85413,-20
10394,164609,10413,164628,-20
10394,176325,10413,176344,-20
10394,193904,10413,193923,-20
10394,199294,10413,199313,-20
10394,209716,10413,209735,-20
10394,209906,10413,209925,-20
10394,239917,10418,239940,-20
0,219089,19,219108,-19
174,129302,192,129320,-19
174,229011,192,229029,-19
174,239667,192,239685,-19
168,70087,191,70113,-19
169,190453,192,190479,-19
462,27772,481,27790,-19
462,213603,481,213621,-19
464,16994,483,17012,-19
469,171790,488,171813,-19
554,231582,579,231603,-19
669,105134,695,105159,-19
670,146047,694,146072,-19
670,146913,694,146938,-19
680,158861,705,158884,-19
679,57554,698,57647,-19
681,34512,700,34538,-19
673,195312,696,195330,-19
681,248980,700,248999,-19
681,137671,700,137692,-19
681,188179,705,188257,-19
681,201604,700,201630,-19
1084,143826,1111,143844,-19
1113,161736,1172,161754,-19
1212,107447,1235,107465,-19
1113,25968,1172,25986,-19
1113,164443,1172,164461,-19
1113,187522,1172,187540,-19
1112,6999,1149,7018,-19
1112,15953,1149,15972,-19
1112,95210,1149,95229,-19
1113,95601,1133,95621,-19
1113,179215,1150,179234,-19
1113,248980,1150,248999,-19
1213,14299,1236,14317,-19
1214,152359,1237,152377,-19
1214,156351,1237,156369,-19
1231,143826,1259,143844,-19
1529,204453,1546,204474,-19
1618,135411,1647,135440,-19
2579,199048,2598,199066,-19
3093,80349,3111,80367,-19
3833,89919,3851,89937,-19
3986,65152,4008,65173,-19
4255,207260,4276,207280,-19
4647,124201,4665,124218,-19
4689,10975,4707,10997,-19
5165,142458,5190,142478,-19
5174,69220,5193,69238,-19
5175,202188,5194,202206,-19
5174,226086,5193,226104,-19
5175,42398,5204,42418,-19
5175,64946,5204,64966,-19
5175,76414,5204,76434,-19
5175,76949,5199,76974,-19
5175,79531,5194,79549,-19
5175,209280,5194,209298,-19
5175,27916,5194,27934,-19
5175,20287,5204,20307,-19
5175,32354,5194,32372,-19
5175,251265,5194,251284,-19
5194,104598,5218,104622,-19
5291,113149,5313,113169,-19
5973,209398,5997,209417,-19
6264,37404,6283,37430,-19
6319,138311,6341,138330,-19
7123,175093,7148,175117,-19
7365,182762,7385,182781,-19
7619,198162,7637,198193,-19
7615,98675,7637,98717,-19
7615,161863,7637,161882,-19
7619,6111,7637,6133,-19
7619,158288,7637,158311,-19
7619,195308,7637,195330,-19
7619,196982,7637,197004,-19
7619,197546,7637,197569,-19
7622,69581,7646,69603,-19
7875,133655,7898,133677,-19
7880,2549,7898,2571,-19
7880,12515,7898,12538,-19
8465,209398,8491,209422,-19
8844,112353,8864,112374,-19
9183,155755,9202,155773,-19
9250,201582,9268,201602,-19
9251,13206,9269,13224,-19
9251,53773,9269,53791,-19
9254,95601,9274,95621,-19
9251,207730,9269,207750,-19
9251,15950,9269,15968,-19
9251,164262,9269,164282,-19
9244,157045,9269,157081,-19
9251,189877,9269,189905,-19
9253,21172,9273,21192,-19
9251,37676,9274,37694,-19
9251,122552,9269,122579,-19
9401,35107,9420,35125,-19
9439,47831,9459,47853,-19
9580,61817,9602,61840,-19
10004,154839,10024,154865,-19
10004,229495,10024,229519,-19
10004,97865,10024,97887,-19
10005,147380,10025,147405,-19
10005,147850,10025,147875,-19
10005,148148,10025,148173,-19
10005,148484,10025,148509,-19
10005,153917,10025,153942,-19
10005,157811,10025,157836,-19
10005,162823,10025,162843,-19
10005,199626,10025,199650,-19
10005,216364,10025,216389,-19
10005,64497,10025,64554,-19
10005,164271,10025,164310,-19
10384,195582,10408,195606,-19
10384,36529,10408,36620,-19
10387,37313,10406,37374,-19
10392,57074,10416,57099,-19
10392,57554,10411,57647,-19
10393,107736,10411,107781,-19
10393,248979,10412,248998,-19
10394,194986,10421,195030,-19
10394,97888,10413,97914,-19
10394,137670,10413,137691,-19
11460,257554,11483,257575,-19
11497,119987,11520,120008,-19
11765,256601,11791,256620,-19
0,212749,19,212767,-18
169,77105,192,77128,-18
182,210234,199,210251,-18
510,112850,526,112866,-18
667,107435,695,107462,-18
681,189906,703,189924,-18
868,681,885,698,-18
1081,66524,1104,66549,-18
1113,33153,1150,33175,-18
1113,41869,1150,41891,-18
1113,62941,1150,62963,-18
1113,63488,1150,63510,-18
1113,63925,1150,63947,-18
1129,65383,1227,65403,-18
1113,65564,1150,65586,-18
1129,93770,1227,93790,-18
1129,93958,1227,93978,-18
1129,94138,1227,94158,-18
1129,94342,1227,94362,-18
1129,157952,1227,157972,-18
1113,213345,1150,213367,-18
1113,232119,1150,232141,-18
1128,246558,1226,246578,-18
1340,130950,1357,130968,-18
1340,122281,1357,122301,-18
1414,37272,1438,37296,-18
1414,125016,1438,125040,-18
2872,31245,2894,31263,-18
3051,159171,3068,159188,-18
3495,242297,3515,242329,-18
3525,26626,3549,26644,-18
4214,56047,4237,56069,-18
4215,46819,4238,46840,-18
4215,74236,4238,74257,-18
4277,103661,4294,103678,-18
4654,60047,4670,60063,-18
5129,187664,5146,187681,-18
5129,217567,5146,217584,-18
5137,153407,5153,153423,-18
5291,196315,5324,196348,-18
5900,261029,5922,261051,-18
6253,243959,6269,243975,-18
6440,223337,6457,223358,-18
7524,236096,7546,236117,-18
7622,11106,7646,11126,-18
7612,13206,7637,13224,-18
7612,53773,7637,53791,-18
7618,25959,7636,25983,-18
7619,162819,7637,162842,-18
7619,157678,7637,157710,-18
7622,193243,7642,193323,-18
7621,118328,7641,118350,-18
7621,147063,7641,147085,-18
7830,250029,7847,250046,-18
7877,219904,7901,219929,-18
7900,210043,7917,210060,-18
7900,210226,7917,210243,-18
7907,77406,7930,77426,-18
8275,123789,8295,123807,-18
8696,184528,8713,184545,-18
9063,219371,9084,219393,-18
9251,95207,9269,95225,-18
9251,105141,9269,105159,-18
9251,196986,9269,197004,-18
9244,156906,9269,156931,-18
9244,193054,9269,193072,-18
9250,59786,9268,59820,-18
9250,219725,9268,219768,-18
9253,96019,9273,96043,-18
9412,3671,9430,3689,-18
9472,139647,9491,139666,-18
9479,130950,9496,130968,-18
9479,122281,9496,122301,-18
9479,137139,9496,137156,-18
9479,245865,9496,245883,-18
9794,155756,9812,155774,-18
10384,110798,10408,110827,-18
10383,162820,10407,162843,-18
10392,140961,10416,140997,-18
10394,96019,10418,96043,-18
10389,229520,10409,229545,-18
10527,55726,10548,55745,-18
11074,83256,11096,83277,-18
11063,1775,11084,1795,-18
11074,73061,11096,73082,-18
11121,101853,11137,101869,-18
11707,130663,11729,130683,-18
11707,138218,11729,138239,-18
11707,164697,11729,164718,-18
179,136920,203,136937,-17
182,209966,199,209983,-17
469,218069,491,218090,-17
510,29325,530,29343,-17
563,256603,579,256619,-17
563,239658,579,239674,-17
563,257158,579,257174,-17
563,257717,579,257733,-17
562,9952,582,9969,-17
563,249307,579,249323,-17
1214,7785,1237,7805,-17
1242,108393,1262,108412,-17
1242,108719,1262,108738,-17
1242,109055,1262,109074,-17
1242,109387,1262,109406,-17
1368,259923,1385,259939,-17
1367,179018,1384,179034,-17
1590,37908,1610,37928,-17
1639,251373,1660,251390,-17
2389,124904,2405,124920,-17
2389,206815,2405,206831,-17
2864,131753,2881,131769,-17
2864,139548,2881,139564,-17
2863,24899,2880,24915,-17
3086,79333,3107,79355,-17
3306,114488,3331,114512,-17
3445,180030,3463,180047,-17
3454,111616,3475,111639,-17
3499,15105,3515,15121,-17
3499,133385,3515,133401,-17
3499,244918,3515,244934,-17
3499,254303,3515,254319,-17
3498,1854,3514,1870,-17
3817,46819,3840,46840,-17
3817,74236,3840,74257,-17
3841,207872,3856,207887,-17
4277,89955,4294,89971,-17
4277,179954,4294,179974,-17
4421,112316,4440,112333,-17
4633,45934,4653,45950,-17
5175,171402,5199,171426,-17
5400,250024,5418,250046,-17
5554,199136,5573,199152,-17
5973,53189,5989,53205,-17
5973,140006,5989,140022,-17
5973,140386,5989,140402,-17
5973,193941,5989,193957,-17
5973,219377,5989,219393,-17
5973,52544,5989,52560,-17
5973,132448,5989,132464,-17
5973,202800,5989,202816,-17
5973,223342,5989,223358,-17
6074,178729,6095,178750,-17
6376,129769,6400,129791,-17
6440,114070,6457,114092,-17
6839,65947,6857,65965,-17
6839,115192,6857,115211,-17
7094,34547,7115,34568,-17
7615,200568,7637,200586,-17
8275,13381,8290,13396,-17
8275,170010,8290,170025,-17
8465,132448,8481,132464,-17
8465,223342,8481,223358,-17
8464,52544,8480,52560,-17
8465,85099,8481,85117,-17
8464,121062,8480,121078,-17
8465,141272,8481,141290,-17
8464,200613,8480,200629,-17
8464,202800,8480,202816,-17
8464,211446,8480,211462,-17
8464,256875,8480,256893,-17
8465,246087,8481,246103,-17
8464,140386,8480,140402,-17
8465,53189,8481,53205,-17
8465,193941,8481,193957,-17
8714,111282,8730,111298,-17
9028,116260,9046,116277,-17
9479,129070,9496,129087,-17
9524,262640,9539,262655,-17
9720,187011,9743,187035,-17
9734,101818,9750,101834,-17
9733,68339,9749,68355,-17
9734,23438,9750,23457,-17
9740,104274,9756,104292,-17
9734,164713,9750,164732,-17
9739,104774,9755,104790,-17
10032,248073,10055,248095,-17
11471,156935,11493,156957,-17
11471,157182,11493,157204,-17
11632,199602,11651,199618,-17
11707,14629,11729,14649,-17
11707,154520,11729,154540,-17
11707,155849,11729,155869,-17
11707,158439,11729,158459,-17
11707,193995,11729,194015,-17
11775,231587,11792,231603,-17
11775,239658,11792,239674,-17
11774,257158,11791,257174,-17
11775,249307,11792,249323,-17
179,61165,200,61184,-16
179,118823,200,118845,-16
276,88688,298,88711,-16
408,84846,424,84862,-16
680,23221,695,23236,-16
680,62103,695,62118,-16
680,162162,695,162179,-16
679,13209,694,13224,-16
680,95210,695,95225,-16
679,138898,694,138915,-16
680,159159,695,159175,-16
680,191918,695,191934,-16
680,53776,695,53791,-16
679,62941,694,62956,-16
679,63488,694,63503,-16
679,63925,694,63940,-16
679,65564,694,65579,-16
679,96020,694,96035,-16
680,150433,695,150450,-16
680,150729,695,150746,-16
680,151702,695,151719,-16
680,152077,695,152094,-16
680,161237,695,161252,-16
680,161735,695,161750,-16
679,185068,694,185083,-16
679,213345,694,213360,-16
679,219146,694,219161,-16
679,232119,694,232134,-16
680,48159,695,48174,-16
681,187522,696,187537,-16
681,196344,696,196359,-16
681,239917,696,239932,-16
681,248367,696,248382,-16
681,248613,696,248628,-16
681,5966,696,5981,-16
681,15954,696,15969,-16
681,23448,696,23463,-16
681,30539,696,30554,-16
681,33153,696,33168,-16
681,41869,696,41884,-16
681,57074,696,57089,-16
681,64106,696,64121,-16
681,110677,696,110692,-16
681,150235,696,150250,-16
681,158474,696,158489,-16
681,179215,696,179230,-16
681,199636,696,199651,-16
681,218214,696,218229,-16
681,229530,696,229545,-16
681,246563,696,246578,-16
681,295,696,314,-16
681,93775,696,93790,-16
681,93964,696,93979,-16
681,94348,696,94363,-16
681,147390,696,147405,-16
681,148495,696,148510,-16
681,152360,696,152375,-16
681,153928,696,153943,-16
681,157958,696,157973,-16
681,123944,696,123961,-16
680,141039,695,141054,-16
680,156351,695,156366,-16
681,201186,696,201201,-16
681,6999,696,7014,-16
681,8370,696,8387,-16
681,9052,696,9067,-16
681,12742,696,12759,-16
681,14299,696,14314,-16
681,19406,696,19421,-16
681,38541,696,38556,-16
681,40114,696,40129,-16
680,40453,695,40468,-16
681,42203,696,42220,-16
681,65388,696,65403,-16
681,69581,696,69596,-16
681,93050,696,93067,-16
681,94144,696,94159,-16
680,95823,695,95838,-16
681,164296,696,164311,-16
681,184066,696,184081,-16
681,198176,696,198193,-16
681,254755,696,254772,-16
958,105289,972,105303,-16
1094,130667,1111,130682,-16
1095,138224,1112,138239,-16
1105,125006,1123,125025,-16
1113,196554,1128,196569,-16
1112,34512,1127,34527,-16
1112,165228,1127,165243,-16
1113,178968,1128,178983,-16
1113,193903,1128,193918,-16
1113,209716,1128,209731,-16
1113,209906,1128,209921,-16
1113,60836,1128,60851,-16
1113,201185,1128,201200,-16
1113,23596,1128,23611,-16
1113,26537,1128,26552,-16
1113,106027,1128,106042,-16
1113,119788,1128,119803,-16
1112,22921,1127,22936,-16
1112,38297,1127,38312,-16
1112,45082,1127,45097,-16
1112,95823,1127,95838,-16
1113,40453,1128,40468,-16
1113,108488,1128,108503,-16
1113,108823,1128,108838,-16
1113,109149,1128,109164,-16
1113,109491,1128,109506,-16
1113,191918,1128,191934,-16
1113,122581,1128,122596,-16
1113,158879,1128,158894,-16
1113,189906,1128,189921,-16
1113,201604,1128,201619,-16
1113,64106,1128,64121,-16
1113,148159,1128,148174,-16
1214,147063,1229,147080,-16
1214,148494,1229,148509,-16
1214,154764,1229,154781,-16
1214,199635,1229,199650,-16
1214,162828,1229,162843,-16
1214,219146,1229,219161,-16
1213,9051,1228,9066,-16
1214,23221,1229,23236,-16
1214,27852,1229,27869,-16
1214,40114,1229,40129,-16
1214,53776,1229,53791,-16
1214,55907,1229,55924,-16
1214,58572,1229,58589,-16
1214,70388,1229,70403,-16
1214,107817,1229,107832,-16
1214,118328,1229,118345,-16
1214,141378,1229,141393,-16
1214,162163,1229,162180,-16
1214,193057,1229,193072,-16
1214,233218,1229,233233,-16
1214,254754,1229,254771,-16
1214,11106,1229,11123,-16
1214,13209,1229,13224,-16
1214,19406,1229,19421,-16
1214,48160,1229,48175,-16
1214,155326,1229,155343,-16
1214,164296,1229,164311,-16
1214,195315,1229,195330,-16
1214,260922,1229,260937,-16
1242,130667,1259,130682,-16
1241,138224,1258,138239,-16
2007,183824,2028,183842,-16
2142,104603,2160,104622,-16
3006,184365,3021,184380,-16
3069,129809,3085,129825,-16
3086,50890,3107,50911,-16
3541,11166,3557,11182,-16
3793,187044,3821,187069,-16
4397,242905,4414,242922,-16
4797,258460,4814,258478,-16
5175,91015,5190,91030,-16
5175,120687,5190,120702,-16
5175,186306,5190,186321,-16
5175,173207,5190,173222,-16
5794,136096,5809,136111,-16
6081,58084,6096,58099,-16
6270,97859,6288,97880,-16
6395,145258,6412,145273,-16
6487,227171,6502,227187,-16
6964,30815,6985,30835,-16
7621,163888,7636,163903,-16
7622,11814,7637,11831,-16
7622,95210,7637,95225,-16
7622,96020,7637,96035,-16
7622,156574,7637,156591,-16
7622,165228,7637,165243,-16
7622,168067,7637,168084,-16
7622,185068,7637,185083,-16
7622,207786,7637,207801,-16
7622,209196,7637,209211,-16
7622,219146,7637,219161,-16
7622,219456,7637,219473,-16
7622,238959,7637,238974,-16
7622,239917,7637,239932,-16
7622,248367,7637,248382,-16
7622,248613,7637,248628,-16
7622,62942,7637,62957,-16
7622,63489,7637,63504,-16
7622,63926,7637,63941,-16
7622,65565,7637,65580,-16
7622,213346,7637,213361,-16
7622,232120,7637,232135,-16
7622,9050,7637,9065,-16
7622,23221,7637,23236,-16
7622,70388,7637,70403,-16
7622,74991,7637,75006,-16
7622,85394,7637,85409,-16
7622,105143,7637,105158,-16
7622,143503,7637,143518,-16
7622,176325,7637,176340,-16
7622,199294,7637,199309,-16
7622,233218,7637,233233,-16
7622,20771,7637,20786,-16
7622,48159,7637,48174,-16
7621,187522,7636,187537,-16
7622,5966,7637,5981,-16
7622,14300,7637,14315,-16
7622,15954,7637,15969,-16
7622,33153,7637,33168,-16
7622,40114,7637,40129,-16
7622,40840,7637,40855,-16
7622,41869,7637,41884,-16
7622,45082,7637,45097,-16
7622,154483,7637,154498,-16
7622,156918,7637,156933,-16
7622,158474,7637,158489,-16
7622,178943,7637,178958,-16
7621,184064,7636,184079,-16
7622,199636,7637,199651,-16
7621,229530,7636,229545,-16
7622,64539,7637,64554,-16
7622,97261,7637,97276,-16
7622,98176,7637,98191,-16
7622,108077,7637,108092,-16
7622,141037,7637,141052,-16
7622,147527,7637,147542,-16
7622,152360,7637,152375,-16
7622,157166,7637,157181,-16
7622,171225,7637,171240,-16
7622,193057,7637,193072,-16
7622,246563,7637,246578,-16
7621,21172,7636,21187,-16
7621,26581,7636,26596,-16
7621,30539,7636,30554,-16
7621,38541,7636,38556,-16
7621,57074,7636,57089,-16
7621,95601,7636,95616,-16
7621,106027,7636,106042,-16
7621,107448,7636,107463,-16
7621,107737,7636,107752,-16
7621,154764,7636,154781,-16
7621,155326,7636,155343,-16
7621,156351,7636,156366,-16
7621,157340,7636,157356,-16
7621,159160,7636,159176,-16
7621,160506,7636,160521,-16
7621,160865,7636,160880,-16
7621,164296,7636,164311,-16
7621,164721,7636,164736,-16
7621,196344,7636,196359,-16
7621,201868,7636,201885,-16
7883,184417,7898,184432,-16
7883,21318,7901,21343,-16
7883,230398,7901,230423,-16
7889,221333,7911,221356,-16
7894,59869,7917,59891,-16
7968,3198,7983,3213,-16
8785,237025,8800,237040,-16
9183,125016,9198,125031,-16
9183,37272,9198,37287,-16
9254,9051,9269,9066,-16
9254,62103,9269,62118,-16
9254,88091,9269,88108,-16
9254,110677,9269,110692,-16
9254,146057,9269,146072,-16
9254,146923,9269,146938,-16
9254,196344,9269,196359,-16
9254,218214,9269,218229,-16
9254,6999,9269,7014,-16
9254,141039,9269,141054,-16
9253,150434,9268,150451,-16
9253,150730,9268,150747,-16
9253,151703,9268,151720,-16
9253,152078,9268,152095,-16
9254,156351,9269,156366,-16
9254,158473,9269,158488,-16
9253,198109,9268,198124,-16
9254,201186,9269,201201,-16
9254,65388,9269,65403,-16
9254,69580,9269,69595,-16
9254,93775,9269,93790,-16
9254,93963,9269,93978,-16
9254,94143,9269,94158,-16
9254,94347,9269,94362,-16
9254,97111,9269,97126,-16
9253,97297,9268,97312,-16
9254,110809,9269,110826,-16
9254,147861,9269,147876,-16
9254,151374,9269,151391,-16
9254,157957,9269,157972,-16
9254,179215,9269,179230,-16
9254,179834,9269,179849,-16
9254,209195,9269,209210,-16
9254,216375,9269,216390,-16
9254,238959,9269,238974,-16
9253,248980,9268,248995,-16
9254,14299,9269,14314,-16
9254,22920,9269,22935,-16
9254,33152,9269,33167,-16
9253,38542,9268,38557,-16
9254,41868,9269,41883,-16
9254,45081,9269,45096,-16
9254,95823,9269,95838,-16
9254,107446,9269,107461,-16
9254,157377,9269,157392,-16
9253,160506,9268,160521,-16
9254,178968,9269,178983,-16
9254,191918,9269,191934,-16
9254,196554,9269,196569,-16
9253,196789,9268,196804,-16
9254,197308,9269,197323,-16
9253,208393,9268,208408,-16
9253,260923,9268,260938,-16
9254,13551,9269,13566,-16
9254,22447,9269,22462,-16
9254,22625,9269,22640,-16
9253,23448,9268,23463,-16
9254,23596,9269,23611,-16
9253,25216,9268,25231,-16
9253,26798,9268,26813,-16
9253,34512,9268,34527,-16
9254,38298,9269,38313,-16
9254,40453,9269,40468,-16
9253,40840,9268,40855,-16
9254,62942,9269,62957,-16
9254,63489,9269,63504,-16
9254,63926,9269,63941,-16
9253,64106,9268,64121,-16
9254,65565,9269,65580,-16
9253,68342,9268,68357,-16
9254,85394,9269,85409,-16
9254,107819,9269,107834,-16
9253,108488,9268,108503,-16
9253,108823,9268,108838,-16
9253,109149,9268,109164,-16
9253,109491,9268,109506,-16
9254,147063,9269,147080,-16
9254,147390,9269,147405,-16
9254,148495,9269,148510,-16
9254,150235,9269,150250,-16
9254,153928,9269,153943,-16
9254,154764,9269,154781,-16
9254,155326,9269,155343,-16
9254,159160,9269,159176,-16
9254,161237,9269,161252,-16
9254,161867,9269,161882,-16
9253,176325,9268,176340,-16
9253,185068,9268,185083,-16
9254,193904,9269,193919,-16
9253,199294,9268,199309,-16
9254,199636,9269,199651,-16
9253,209716,9268,209731,-16
9253,209906,9268,209921,-16
9254,213346,9269,213361,-16
9254,219146,9269,219161,-16
9254,232120,9269,232135,-16
9253,239917,9268,239932,-16
9254,248367,9269,248382,-16
9254,248613,9269,248628,-16
9254,95382,9269,95399,-16
9253,19406,9268,19421,-16
9253,26538,9268,26553,-16
9253,57074,9268,57089,-16
9253,152360,9268,152375,-16
9253,158879,9268,158894,-16
9253,162828,9268,162843,-16
9253,254755,9268,254772,-16
9391,106651,9410,106670,-16
9973,198940,9989,198956,-16
10008,6999,10023,7014,-16
10010,195592,10025,195607,-16
10010,40114,10025,40129,-16
10010,110677,10025,110692,-16
10010,163889,10025,163904,-16
10010,195315,10025,195330,-16
10010,196989,10025,197004,-16
10010,218214,10025,218229,-16
10010,13210,10025,13225,-16
10010,14300,10025,14315,-16
10010,15953,10025,15968,-16
10010,53776,10025,53791,-16
10010,65388,10025,65403,-16
10010,69580,10025,69595,-16
10010,93775,10025,93790,-16
10010,93963,10025,93978,-16
10010,94143,10025,94158,-16
10010,94347,10025,94362,-16
10010,97111,10025,97126,-16
10010,97261,10025,97276,-16
10010,141378,10025,141393,-16
10010,143467,10025,143482,-16
10010,156351,10025,156366,-16
10010,156822,10025,156837,-16
10010,157066,10025,157081,-16
10010,157957,10025,157972,-16
10010,159160,10025,159176,-16
10010,179216,10025,179231,-16
10010,179834,10025,179849,-16
10010,191919,10025,191935,-16
10010,196343,10025,196358,-16
10010,235959,10025,235974,-16
10010,238959,10025,238974,-16
10010,239917,10025,239932,-16
10010,246564,10025,246579,-16
10010,248367,10025,248382,-16
10010,248613,10025,248628,-16
10010,248980,10025,248995,-16
10010,22920,10025,22935,-16
10010,95822,10025,95837,-16
10010,197310,10025,197325,-16
10009,7785,10024,7802,-16
10010,25215,10025,25230,-16
10010,97993,10025,98008,-16
10010,107446,10025,107461,-16
10010,108151,10025,108166,-16
10009,161237,10024,161252,-16
10010,164591,10025,164608,-16
10010,193244,10025,193259,-16
10010,196553,10025,196568,-16
10010,201186,10025,201201,-16
10010,201586,10025,201603,-16
10010,201869,10025,201886,-16
10010,9052,10025,9067,-16
10010,11106,10025,11123,-16
10010,26581,10025,26596,-16
10010,33152,10025,33167,-16
10010,41868,10025,41883,-16
10010,45081,10025,45096,-16
10010,48160,10025,48175,-16
10010,62941,10025,62956,-16
10010,63488,10025,63503,-16
10010,63925,10025,63940,-16
10010,65564,10025,65579,-16
10010,87482,10025,87497,-16
10010,105144,10025,105159,-16
10010,110810,10025,110827,-16
10010,122581,10025,122596,-16
10010,138898,10025,138915,-16
10010,150434,10025,150451,-16
10010,150730,10025,150747,-16
10010,151066,10025,151083,-16
10010,151703,10025,151720,-16
10010,152078,10025,152095,-16
10010,152360,10025,152375,-16
10010,155326,10025,155343,-16
10010,156573,10025,156590,-16
10010,161868,10025,161883,-16
10010,162162,10025,162179,-16
10010,164721,10025,164736,-16
10010,178968,10025,178983,-16
10010,193056,10025,193071,-16
10010,195454,10025,195469,-16
10010,213345,10025,213360,-16
10010,232119,10025,232134,-16
10010,260922,10025,260937,-16
10393,150434,10408,150451,-16
10393,150730,10408,150747,-16
10393,151066,10408,151083,-16
10393,151375,10408,151392,-16
10393,151703,10408,151720,-16
10393,152078,10408,152095,-16
10393,184064,10408,184079,-16
10393,196344,10408,196359,-16
10392,110677,10407,110692,-16
10392,218213,10407,218228,-16
10392,6999,10407,7014,-16
10392,9051,10407,9066,-16
10393,11107,10408,11124,-16
10393,11814,10408,11831,-16
10392,13210,10407,13225,-16
10392,14300,10407,14315,-16
10392,15953,10407,15968,-16
10392,24881,10407,24898,-16
10392,26578,10407,26593,-16
10393,33153,10408,33168,-16
10392,38542,10407,38557,-16
10393,41869,10408,41884,-16
10392,48160,10407,48175,-16
10392,53775,10407,53790,-16
10393,59805,10408,59820,-16
10393,62103,10408,62118,-16
10392,62942,10407,62957,-16
10392,63489,10407,63504,-16
10392,63926,10407,63941,-16
10393,65388,10408,65403,-16
10392,65565,10407,65580,-16
10393,69581,10408,69596,-16
10392,74878,10407,74893,-16
10393,88092,10408,88109,-16
10393,93775,10408,93790,-16
10393,93964,10408,93979,-16
10392,94143,10407,94158,-16
10393,94348,10408,94363,-16
10392,95210,10407,95225,-16
10392,105145,10407,105160,-16
10393,141378,10408,141393,-16
10393,146057,10408,146072,-16
10393,146923,10408,146938,-16
10393,147063,10408,147080,-16
10392,147390,10407,147405,-16
10392,148495,10407,148510,-16
10393,152360,10408,152375,-16
10392,153927,10407,153942,-16
10393,154483,10408,154498,-16
10393,154764,10408,154781,-16
10393,155326,10408,155343,-16
10393,156574,10408,156591,-16
10393,157958,10408,157973,-16
10393,158474,10408,158489,-16
10392,178968,10407,178983,-16
10392,179215,10407,179230,-16
10392,189906,10407,189921,-16
10392,213346,10407,213361,-16
10393,219456,10408,219473,-16
10392,232120,10407,232135,-16
10392,246563,10407,246578,-16
10393,260923,10408,260938,-16
10393,87481,10408,87496,-16
10393,160505,10408,160520,-16
10393,164153,10408,164172,-16
10393,196789,10408,196804,-16
10393,201185,10408,201200,-16
10393,208392,10408,208407,-16
10394,26799,10409,26814,-16
10394,107448,10409,107463,-16
10394,159160,10409,159176,-16
10394,209196,10409,209211,-16
10394,8370,10409,8387,-16
10394,23220,10409,23235,-16
10394,23447,10409,23462,-16
10394,25968,10409,25983,-16
10394,30539,10409,30554,-16
10394,34512,10409,34527,-16
10394,40453,10409,40468,-16
10394,55907,10409,55924,-16
10394,64106,10409,64121,-16
10394,68343,10409,68358,-16
10394,95823,10409,95838,-16
10394,106027,10409,106042,-16
10394,122581,10409,122596,-16
10394,138898,10409,138915,-16
10394,156351,10409,156366,-16
10394,158879,10409,158894,-16
10394,160865,10409,160880,-16
10394,185068,10409,185083,-16
10394,195315,10409,195330,-16
10394,198176,10409,198193,-16
10394,201604,10409,201619,-16
10394,207762,10409,207777,-16
10394,219146,10409,219161,-16
10394,236005,10409,236020,-16
10394,187522,10409,187537,-16
11056,180271,11072,180287,-16
177,55752,191,55766,-15
173,217408,191,217427,-15
464,12691,483,12709,-15
463,204339,482,204359,-15
1095,219308,1118,219329,-15
1094,179359,1117,179381,-15
1174,159959,1193,159978,-15
1634,231544,1648,231558,-15
1633,24439,1647,24453,-15
1633,74080,1652,74098,-15
1956,5190,1976,5210,-15
2176,133684,2193,133703,-15
2194,250814,2210,250831,-15
2394,180750,2414,180771,-15
3051,110596,3065,110610,-15
3051,196834,3065,196848,-15
3051,116084,3065,116098,-15
3051,164481,3065,164495,-15
3099,87200,3116,87217,-15
3303,197989,3317,198003,-15
3485,135848,3508,135871,-15
3499,102030,3519,102049,-15
5276,196721,5290,196735,-15
5291,29719,5313,29740,-15
5779,256752,5793,256766,-15
5822,162823,5839,162838,-15
6309,39215,6327,39232,-15
6310,175598,6328,175615,-15
6839,115000,6854,115016,-15
8202,165410,8216,165426,-15
8202,220865,8216,220881,-15
8455,108114,8469,108128,-15
8455,13369,8469,13383,-15
9063,124543,9076,124556,-15
9074,121067,9088,121081,-15
9074,200619,9088,200633,-15
9073,246093,9087,246107,-15
9294,101495,9312,101512,-15
9293,191599,9311,191618,-15
9795,37272,9810,37287,-15
10286,50275,10302,50290,-15
10286,50673,10302,50688,-15
10317,15133,10334,15150,-15
11712,98053,11729,98071,-15
178,46931,192,46944,-14
178,47138,192,47151,-14
680,200572,695,200586,-14
2863,11346,2876,11359,-14
2863,45256,2876,45270,-14
2863,80087,2876,80100,-14
2863,105087,2876,105101,-14
2864,106824,2877,106837,-14
2864,166651,2877,166664,-14
2864,8528,2877,8541,-14
2864,36259,2877,36272,-14
2864,45025,2877,45038,-14
2864,45437,2877,45450,-14
2864,45812,2877,45825,-14
2864,54645,2877,54658,-14
2864,62732,2877,62745,-14
2864,64293,2877,64306,-14
2864,64435,2877,64448,-14
2864,64902,2877,64915,-14
2864,65648,2877,65661,-14
2864,65972,2877,65985,-14
2864,69617,2877,69630,-14
2864,92151,2877,92164,-14
2864,113686,2877,113699,-14
2864,165192,2877,165205,-14
2864,166510,2877,166523,-14
2864,167690,2877,167703,-14
2864,170326,2877,170339,-14
2864,184009,2877,184022,-14
2864,230217,2877,230230,-14
2864,246035,2877,246048,-14
2864,255803,2877,255816,-14
2864,260865,2877,260878,-14
3499,212685,3519,212704,-14
3808,132222,3821,132235,-14
4009,181995,4028,182015,-14
5564,179394,5577,179407,-14
5746,243967,5759,243980,-14
5746,239278,5759,239291,-14
5746,244245,5759,244258,-14
5889,31383,5905,31400,-14
5889,129615,5905,129632,-14
6081,220591,6096,220607,-14
6261,195583,6280,195602,-14
6406,58016,6422,58033,-14
6911,100960,6924,100973,-14
7880,225281,7898,225297,-14
7880,239749,7898,239765,-14
7888,169563,7901,169576,-14
7888,177601,7901,177614,-14
8366,184921,8388,184942,-14
9034,244561,9047,244576,-14
9313,203869,9328,203884,-14
9531,137863,9552,137886,-14
10566,90599,10580,90614,-14
10565,10975,10583,10991,-14
11523,125518,11536,125531,-14
11631,156250,11644,156263,-14
11744,112428,11764,112447,-14
1094,139566,1117,139587,-13
3816,50013,3839,50033,-13
5911,198000,5923,198012,-13
5910,132158,5922,132170,-13
5973,125104,5989,125121,-13
6115,193230,6127,193242,-13
6115,195016,6127,195028,-13
6315,247737,6328,247749,-13
6445,197010,6457,197022,-13
8272,15985,8284,15997,-13
8272,89882,8284,89894,-13
10322,180929,10334,180941,-13
3089,82998,3100,83009,-12
6302,234078,6314,234089,-12
10363,224171,10386,224192,-12
3499,224875,3509,224885,-11
7889,60929,7899,60939,-11
7906,56598,7916,56608,-11
7906,60420,7916,60430,-11
7906,188805,7916,188815,-11
5048,196721,5057,196730,-10
9260,24817,9269,24826,-10
